Name,Phone number,Address,Website
Eternel ClinicWebsiteDirections           Saved (0) Saved Save     ,04 344 0008,Villa 116 - Jumeirah St - JumeirahJumeirah 1 - Dubai,https://www.eternelclinic.com/
Novomed Centers - Dubai MarinaWebsiteDirections           Saved (0) Saved Save     ,800 6686,"Suite 3004, 30th Floor | Marina Plaza | Dubai - Dubai",https://www.novomed.com/
Biolite Aesthetic ClinicWebsiteDirections           Saved (0) Saved Save     ,04 346 6641,57 Al Thanya St - Umm SuqeimUmm Suqeim 2 - Dubai,http://biolitedubai.com/
Dubai Cosmetic Surgery Clinic- Jumeirah,04 348 5575,Villa 611 Jumeirah Beach Road - Dubai,https://www.dubaicosmeticsurgery.com/
Lucia Aesthetic & Dermatology ClinicWebsiteDirections           Saved (0) Saved Save     ,04 385 4525,Villa #323 Jumeirah Beach Road Opposite the Four Seasons Resort - Jumeirah 2 - Dubai,https://www.luciaclinic.com/
Premium Cosmetic Laser CenterWebsiteDirections           Saved (0) Saved Save     ,04 343 6550,Al shafar Building 7 - Al Wasl Rd - Al Bada'a - Dubai,https://gopremium.ae/
The Private Clinic - Medical & Aesthetic CentreWebsiteDirections           Saved (0) Saved Save     ,04 395 6400,Jumeirah Beach Road - 25 B St - Dubai,http://www.theprivateclinic.ae/
American Academy of Cosmetic Surgery HospitalWebsiteDirections           Saved (0) Saved Save     ,04 423 7600,Building 73 - Umm Hurair 2Dubai Healthcare City - Dubai,https://aacsh.com/
AIG Clinics - Plastic & Cosmetic Surgery DubaiWebsiteDirections           Saved (0) Saved Save     ,04 338 8979,Post Box 505173 - 506A Jumeirah St - Dubai,https://www.aigclinics.com/?utm_source=GoogleMyBusiness
Elite Plastic & Cosmetic Surgery Group | Compassionate Care You Can Trust | DubaiWebsiteDirections           Saved (0) Saved Save     ,04 431 2396,"Building 64 - Unit 4012, 4th Floor, Block C - Oud Metha Rd - Dubai",https://elitecosmeticsurgery.ae/
Dr. Matteo VigoWebsiteDirections           Saved (0) Saved Save     ,056 282 5825,Amwaj Polyclinic - Jumeirah Beach Residence - Dubai,http://www.plasticsurgerydubaiuae.com/
Dubai Cosmetic Surgery Clinic,054 392 2153,"1st floor, Burjeel Day Surgery Center - Abu Dhabi",https://www.dubaicosmeticsurgery.com/
Aesthetics International - Dr. Jaffer Khan.WebsiteDirections           Saved (0) Saved Save     ,04 384 5600,"Utamah Villa # 1049c, Intersection of Al Wasl Rd & Al Thanya Rd - Al Wasl Rd - Jumeirah - Dubai",http://www.aesthetics.ae/
CosmeSurge - Corniche Road Sharjah,800 26763,Al Muntazah St - Al Heerah SuburbAl Rifa'ah - Sharjah,http://www.cosmesurge.com/
European Medical Center & Aesthetic SurgeryWebsiteDirections           Saved (0) Saved Save     ,04 344 8840,122 Jumeirah Beach Road Villa #6 Facing Old Dubai Zoo - Dubai,http://www.emc.ae/
New Al Shefa Clinic JLT - Aesthetic Plastic Surgery Dubai - Cosmetic Surgery - Laser Hair Removal DubaiWebsiteDirections           Saved (0) Saved Save     ,04 362 4247,JLT - Cluster M - HDS Business Center - 17th Floor - Full Floor - Dubai,http://www.shefapolyclinic.ae/
CosmeSurge - AlKaramah Abu Dhabi,800 26763,"Street 13, Delma region, opposite Ministry of Labour Works - Abu Dhabi",http://www.cosmesurge.com/
Dr. Kayle Aesthetic ClinicWebsiteDirections           Saved (0) Saved Save     ,04 330 6611,"Um Suqeim 2, Al Wasl Road, Al Manara Area, Choithram Service Road, Villa No. 1184 - Dubai",http://drkayleclinic.com/?utm_source=GMB&utm_medium=Google
"Kaya Skin Clinic - Abu Dhabi Mall, Abu DhabiWebsiteDirections           Saved (0) Saved Save     ",600 562620,"Shop No. B65b–B66, First Floor - Abu Dhabi Mall - Abu Dhabi",https://www.kayaskinclinic.com/uae/en/
The Nova ClinicWebsiteDirections           Saved (0) Saved Save     ,04 384 5666,1047 Al Wasl Rd - Al Manara - Dubai,http://www.thenovaclinic.com/
McBody Clinic – Best Cosmetic/ Plastic Surgery || Dental Clinic || Weight loss || Bariatric Surgery || Dietitian & MoreWebsiteDirections           Saved (0) Saved Save     ,04 385 5552,Al Wasl St. Opposite Jumeireh Post Office villa 412 - Dubai,https://www.mcbodyclinic.com/
CosmeSurge - Marina,800 26763,Al Habtoor Business Tower - Opposite Habtoor Grand Hotel - Dubai,http://www.cosmesurge.com/
CosmeSurge - Al Ain,03 762 0022,"Masoudi, Near Jimi Kindergarten - Abu Dhabi",http://www.cosmesurge.com/
Cosmolaser Medical Centre,06 567 8200,Halwan SuburbSamnan - Sharjah,https://cosmo-laser.com/
Aesthetica Clinic - Jumeirah,04 342 8383,Villa 359 Jumeirah St - JumeirahJumeirah 2 - Dubai,http://www.aestheticaclinic.com/
The British Lasik & Cosmetic Surgery Center,04 344 2020,349b Jumeria Road - Dubai,http://www.britishlasikdubai.com/
"Kaya Skin Clinic - Mega Mall, SharjahWebsiteDirections           Saved (0) Saved Save     ",600 562620,"Shop number B45, Next to Arabian Oud, Level 2 Sharjah Mega Mall - Sharjah",https://www.kayaskinclinic.com/uae/en/
CosmeSurge Hospital,800 26763,CosmeSurge Hospital Umm Suqeim 02 - Dubai,https://www.cosmesurge.com/
Dr Mehri Pourkand Aesthetic ClinicWebsiteDirections           Saved (0) Saved Save     ,04 343 0095,726 Al Wasl Rd - Jumeirah 3 - Dubai,http://www.drmehri-aesthetic.com/
Ù…Ø³ØªØ´ÙÙ‰ Ø§Ù…ÙŠ Ù„Ù„Ø¹ÙŠÙˆÙ†London Centre for Aesthetic Surgery GulfWebsiteDirections           Saved (0) Saved Save     ,04 375 2393,"District 1, Bldg.64, Block E, Suite 4017 Healthcare City",http://www.lcas.ae/
Aesthetic Polyclinic Dermatology Dental Plastology,02 681 8711,19 Mileih St - Al Bateen - Abu Dhabi,http://www.aestheticscc.com/
"CosmeSurge - Zakher, Al Ain",03 708 9000,"Twam street no 3, Villa no 29A Al Ain ,Al Shuibah Area - Abu Dhabi",https://www.cosmesurge.com/
Grace and Light Cosmetic Clinic LLCDirections           Saved (0) Saved Save     ,04 338 5558,Villa #3 - Al Wasl Rd - Dubai,#
Dr. Chris ReuterWebsiteDirections           Saved (0) Saved Save     ,02 222 2446,Villa A5 - Marina Village - Abu Dhabi,https://www.reuterplasticsurgery.com/
Dynamic Cosmetic Surgery Clinic DubaiWebsiteDirections           Saved (0) Saved Save     ,04 584 1177,Damac Executive Heights - 1605 - Dubai,https://www.dynamiclinic.com/
Aesthetica Clinic - Dubai Healthcare City,04 429 8533,"202, 2nd Floor, Al Faris, Building - 39 26th St - Dubai",http://www.aestheticaclinic.com/
Montreal International Clinic,04 344 1132,"Villa 345, Jumeirah Beach Road - Dubai",https://montrealintclinic.com/
Novomed ShammaWebsiteDirections           Saved (0) Saved Save     ,04 349 8800,"St. 10c • Villa 41، Jumeirah 1, behind Jumeirah plaza - Dubai",http://www.shammaclinic.com/
International Aesthetic Medical CentreWebsiteDirections           Saved (0) Saved Save     ,04 349 8000,"Villa 438B, Al Wasl Road, Opp. Box Park - Dubai",https://www.iamc.ae/
Sansaya ClinicDirections           Saved (0) Saved Save     ,04 394 0044,Villa 795 - Al Wasl Rd - JumeirahAl Safa 2 - Dubai,#
Laser Treatment in Dubai,04 584 1177,Damac Executive Heights - 1605 - Dubai,https://www.dynamiclinic.com/laser-treatments/
AESTHETICA CLINIC L.L.C,04 342 8383,JumeirahJumeirah 2 - Dubai,https://aestheticaclinic.com/
CosmeSurge - Bareen International Hospital,800 26763,161 Al Sawari St - Mohamed Bin Zayed CityZ15 - Abu Dhabi,https://www.cosmesurge.com/
Dr. Paulo Michels - Plastic surgeonWebsiteDirections           Saved (0) Saved Save     ,02 614 9999,Danat Al Emarat Hospital - 5th floor - RabdanBawabat Abu Dhabi - Abu Dhabi,https://www.drpaulomichels.com/
American British Surgical & Medical CentreWebsiteDirections           Saved (0) Saved Save     ,04 450 3014,"102, Building 72 Dubai - Dubai Healthcare City - Dubai",https://www.absamc.com/
Bodyworx Medical CenterWebsiteDirections           Saved (0) Saved Save     ,02 641 9961,"Villa 2 & 4, Plaza 30 - Delma St - Abu Dhabi",http://www.bodyworx.ae/
Dr. Abizer Kapadia - PLASTIC COSMETIC and RECONSTRUCTIVE SURGEONWebsiteDirections           Saved (0) Saved Save     ,04 378 6371,Al Zahra Hospital - Al BarshaAl Barsha 1 - Dubai,https://www.drabizerkapadia.com/
New Al Shefa Clinic - Cosmetic Dermatologist Dubai - Laser Hair RemovalWebsiteDirections           Saved (0) Saved Save     ,04 345 3399,Villa No. 287A ; Junction of 57th Street; Al Wasl Road ; opposite falcon centre - Dubai,https://www.shefapolyclinic.ae/
Al Reem Clinic DubaiDirections           Saved (0) Saved Save     ,04 385 0250,"401, Elite Business Centre - Al Barsha 1 - Dubai",#
Dr. Suad Lutfi Medical Center JumeirahWebsiteDirections           Saved (0) Saved Save     ,04 349 2592,"Arch Center Building, Near By Four season Hotel Dubai Ladies Club - Dubai",http://www.drsuadlutfi.com/
Cocoona Centre - Al Wasl/Jumeriah,800 362636,"Villa 898, RAAJI Street - Al Wasl Rd - Dubai",https://www.cocoona.ae/
Aesthetic Polyclinic Dermatology Plastic Surgery Dental Branch LLC.WebsiteDirections           Saved (0) Saved Save     ,03 762 5762,Villa 22 Hamdan bin Zayed Al Awwal Street - corner 19th St - Al Ameriya - Abu Dhabi,http://www.aestheticscc.com/
"Moorfields Eye Hospital Dubai – Ophthalmologists, Cosmetic, Lasik Eye Surgery, TestingWebsiteDirections           Saved (0) Saved Save     ",04 429 7888,"20 Street Al Razi Building 64, Block E, Floor 3 - Dubai Healthcare City - Dubai",https://www.moorfields.ae/
Gardynia®WebsiteDirections           Saved (0) Saved Save     ,04 880 3311,offices 103 Al Sarraf Avenue - Sheikh Zayed Rd - Dubai,https://gardynia.com/
Dr. Sanjay ParasharWebsiteDirections           Saved (0) Saved Save     ,800 362636,896 Al Wasl Rd - Umm SuqeimUmm Suqeim 1 - Dubai,http://www.drsanjayparashar.com/
American Aesthetic Medical CenterWebsiteDirections           Saved (0) Saved Save     ,04 380 6518,Safa 1 - Umm Al Sheif Road - Sheikh Zayed Rd - Dubai,https://americanaestheticclinics.ae/
Kaya Skin Clinic - Barsha HeightsWebsiteDirections           Saved (0) Saved Save     ,600 562620,"Unit No. G 06 & 07, I – Rise Tower, Al Thannyah First, Barsha Heights - Dubai",https://www.kayaskinclinic.com/uae/en/
Lesprit Medical ClinicWebsiteDirections           Saved (0) Saved Save     ,04 338 8238,"Villa 510, Jumeirah Beach Road, Jumeirah 3 - Dubai",http://www.lespritclinic.com/
Laser & Skincare ClinicWebsiteDirections           Saved (0) Saved Save     ,04 348 5575,Villa 611 Jumeirah St - Umm SuqeimUmm Suqeim 1 - Dubai,https://www.laserskincare.ae/?utm_source=gmb&utm_medium=organic&utm_content=listing&utm_campaign=local
Cosmetrix Plastic Surgery CenterWebsiteDirections           Saved (0) Saved Save     ,04 389 0003,"5th Floor, Saudi German Hospital Dubai, Al Barsha 3, Hessa Street 331 West, Off, Exit 36 Sheikh Zayed Road, Opposite of American School of Dubai - Dubai",http://www.cosmetrix.ae/
"Marina Medical Center, Dubai Marina ClinicsWebsiteDirections           Saved (0) Saved Save     ",04 399 9939,Botanica Tower - King Salman Bin Abdulaziz Al Saud St - Dubai Marina - Dubai,http://mmcdubai.ae/
Al Shunnar Plastic Surgery,04 395 3033,Umm SuqeimUmm Suqeim 1 - Dubai,http://www.alshunnarplasticsurgery.ae/
Dubai Laser TreatmentWebsiteDirections           Saved (0) Saved Save     ,055 131 0091,Villa 611 - D94 - Umm SuqeimUmm Suqeim 2 - Dubai,http://www.dubailasertreatment.com/
Aldawli Medical & Cosmetic Center المركز الدولي للطب والتجميلWebsiteDirections           Saved (0) Saved Save     ,056 172 7711,"SARH AL EMARAT - 4th Floor Tower, Buhaira - Corniche St - Sharjah",http://amccshj.com/
CosmeSurge - Khalifa City A,800 26763,"Corner of street 16 and 33, near Khalifa A Post Office - Abu Dhabi",http://www.cosmesurge.com/
Icon Clinic - Abu DhabiWebsiteDirections           Saved (0) Saved Save     ,050 120 4012,"Plaza 30 Building, 9-B Ground Floor - 80 Al Meel St - Al Nahyan - Abu Dhabi",https://www.iconclinic.ae/
You New Dubai Plastic Surgery Clinic: Breast Augmentation & LiposuctionWebsiteDirections           Saved (0) Saved Save     ,04 298 9979,Al Ittihad Rd - Port Saeed - Dubai,https://iselect.me/You-New-Plastic-Surgery-Clinic
"AED 399 Botox Fillers Treatment, Fractional Co2 Laser Resurfacing Specialist DubaiWebsiteDirections           Saved (0) Saved Save     ",050 373 4132,"Room # 7, Al satwa Building, al satwa Roundabout, 2nd december street - Dubai",http://dubaidermatologist.com/
Bloom Aesthetic and Laser Clinic,04 399 3434,Al Manara - Dubai,http://bloom-dubai.com/
Kaya Skin Clinic - Burjuman CenterWebsiteDirections           Saved (0) Saved Save     ,600 562620,Level 2 Unit No 21/22 (Dome Café Entrance) BurJuman - Dubai,https://www.kayaskinclinic.com/uae/en/
Dermalase Clinic - Jumeirah,04 349 7880,Villa No 399A - Jumeirah St - Dubai,http://dermalaseclinic.com/
Wellbeing Medical CentreWebsiteDirections           Saved (0) Saved Save     ,04 348 4406,1146 Al Wasl Rd - Umm SuqeimUmm Suqeim 2 - Dubai,http://www.wellbeingmedicalcentre.com/
Emirates Dermatology & Cosmetology Center [EDCC] | Skin Clinic Abu DhabiWebsiteDirections           Saved (0) Saved Save     ,02 555 5255,"101/102, First Floor - Building 3 Al Khazzaf St - Abu Dhabi",http://www.edcc.ae/
GAGA MEDICAL & AESTHETIC CENTERDirections           Saved (0) Saved Save     ,04 341 7111,beach road Villa #491A - 2 Al Safeena Street - JumeirahJumeirah 3 - Dubai,#
Dr Kamil Al Rustom Skin & Laser CentreWebsiteDirections           Saved (0) Saved Save     ,04 308 4000,Near Iranian Consulate - 249 B Al Wasl Rd - Al Bada'a - Dubai,http://www.alrustom-laser.com/
Enfield Royal Clinic (Dubai Branch)WebsiteDirections           Saved (0) Saved Save     ,04 584 1177,"1605, Damac Executive Heights - Barsha Heights - Barsha Heights - Dubai",http://www.royalclinicdubai.com/
Junqueira Medical Clinic LLC,04 229 7766,Al Wasl Rd - Al Wasl - Dubai,http://www.junqueiramedicalclinic.com/
ğ—”ğ—²ğ˜€ğ˜ğ—µğ—²ğ˜ğ—¶ğ—°ğ˜€ - ğ—ğ—¶ğ—»ğ—´ğ˜€ ğ—–ğ—¼ğ—¹ğ—¹ğ—²ğ—´ğ—² ğ—›ğ—¼ğ˜€ğ—½ğ—¶ğ˜ğ—®ğ—¹ ğ—Ÿğ—¼ğ—»ğ—±ğ—¼ğ—»WebsiteDirections           Saved (0) Saved Save     ,04 247 7791,The Residences at Marina Gate - Dubai,https://aesthetics.kingscollegehospitaldubai.com/
Euromed Clinic DubaiWebsiteDirections           Saved (0) Saved Save     ,04 394 5422,Villa 611 - Jumeirah Beach Road - Umm Suqeim 1 - Dubai,https://www.euromedclinicdubai.com/
AestheticonWebsiteDirections           Saved (0) Saved Save     ,052 984 3498,"Swiss Tower - Aestheticon-JLT Unit 2202, Cluster Y3 - Dubai",https://www.aestheticon.ae/?utm_source=google&utm_medium=organic&utm_campaign=gmb-listing
"Silkor Jumeirah Branch, Dubai - مركز سيلكور جميرا",04 348 0500,"Silkor Villa 708, Jumeirah Beach Road Dubai Makani number 19195 83676 - Dubai",http://www.silkor.com/
Highness Beauty Clinics & SpaWebsiteDirections           Saved (0) Saved Save     ,800 44446377,"Bldg 53, Building 53 - 26th St - Umm Hurair 2Dubai Healthcare City - Dubai",http://highnessclinics.ae/
Hasan Surgery FZ LLCWebsiteDirections           Saved (0) Saved Save     ,04 554 1355,"Oud Metha Road Unit 408, Al Razi Building 64, Block C, 4th Floor Dubai - Dubai",http://www.hasansurgery.com/
Silkor Al Ain Branch - مركز سيلكور العين,050 455 5890,"Hamdan Ibn Zayed Al Awwal Street,4th Str Behind Al Jimi Mall, Al Jimi District - Abu Dhabi",http://www.silkor.com/
Riva Laser Medical CenterWebsiteDirections           Saved (0) Saved Save     ,04 259 8831,"No. 09, Ground Floor, Mai Tower - Dubai",https://www.rivalasermedicalcenter.com/
Kaya Skin Clinic Abu Dhabi CornicheWebsiteDirections           Saved (0) Saved Save     ,600 562620,Villa 12 - 6th St - Abu Dhabi,https://www.kayaskinclinic.com/uae/en/
Med Art Clinic Day Surgery Center Dubai BranchWebsiteDirections           Saved (0) Saved Save     ,800 633278,Third - Villa 823 Jumeirah St - Umm SuqeimUmm Suqeim 3 - Dubai,https://www.medartclinics.com/
Dermalase Clinic - Al Wasl,04 269 8005,Villa 460 - Al Wasl Rd - JumeirahJumeirah 2 - Dubai,http://dermalaseclinic.com/
Aesthetic Polyclinic/ Reviv UAE,052 964 9454,Trade CentreDIFC - Dubai,http://www.aestheticscc.com/
CosmeSurge - Fujairah,800 26763,"3rd Floor, FEWA Building - Hamad Bin Abdulla Rd - Fujairah",http://www.cosmesurge.com/
Blue Tree ClinicsWebsiteDirections           Saved (0) Saved Save     ,04 348 8262,"Villa No 967, Al Wasl Road, Umm Suqueim 2 - Dubai",http://www.bluetreeclinics.com/
Silkor Downtown Dubai Branch - مركز سيلكور وسط مدينة دبي,050 484 9811,"1st Floor, Yansoon 9 Bldg , Sheikh Mohammed Bin Rashid BLVD, Opp.Dubai Mall & Address Hotel, Burj Khalifa District - Dubai",http://www.silkor.com/
Nazmi Baycin Plastic SurgeryWebsiteDirections           Saved (0) Saved Save     ,054 381 1121,2 A St - Al SafaAl Safa 1 - Dubai,https://www.nazmibaycin.com/
Kaya Skin Clinic - Town Centre MallWebsiteDirections           Saved (0) Saved Save     ,600 562620,"First Floor, Town Centre Mall - Jumeirah St - Dubai",https://www.kayaskinclinic.com/uae/en/
Seagull Medical CenterWebsiteDirections           Saved (0) Saved Save     ,04 288 8135,"212, Elite Business Center, Opp. Lulu Hypermarket Behind Mall of Emirates - Dubai",http://seagullclinic.com/
Harley Street Medical CentreWebsiteDirections           Saved (0) Saved Save     ,02 613 3999,"Villa No. A17, A18, A19, A20, A21, A22 and A23 Marina Ring Road - Abu Dhabi",https://www.hsmc.ae/
Tunio Aesthetics Hair Transplantation Clinic DubaiWebsiteDirections           Saved (0) Saved Save     ,04 449 4001,"Building 64 - Block F, Building # 64 - Dubai Healthcare City - Dubai",http://tuniohairtransplant.com/
MAG ClinicWebsiteDirections           Saved (0) Saved Save     ,04 379 4444,"3 rd Floor API Business Suite, Al Barsha 1 - Sheikh Zayed Rd - Dubai",http://www.magclinic.ae/
The American SurgecenterWebsiteDirections           Saved (0) Saved Save     ,02 443 0909,"Al Rowda, Near Labanese Embassy - Mubarak Bin Mohammed St - Al Manhal - Abu Dhabi",http://www.theamericansurgecenter.com/
Breast Cancer Specialist Dubai,052 861 1522,American Academy of Cosmetic Surgery Hospital، Dubai Healthcare City - Dubai,#
Clinica Joelle Abu DhabiWebsiteDirections           Saved (0) Saved Save     ,02 666 6988,Marina Village - Abu Dhabi,http://www.clinicajoelle.com/
Kaya Middle East Head Office - Mazaya Business AvenueWebsiteDirections           Saved (0) Saved Save     ,04 378 5600,"1107, BB1, Mazaya Business Avenue, First Al Khail - Road - Dubai",https://www.kayaskinclinic.com/uae/en/
Clinica Joelle DubaiWebsiteDirections           Saved (0) Saved Save     ,04 338 8904,Jumeirah 3. Villa 8/8 Beach Villas - Dubai,http://www.clinicajoelle.com/
Dynasty ClinicWebsiteDirections           Saved (0) Saved Save     ,04 330 0048,Villa 158 - Umm Al Sheif Rd - Dubai,http://www.dynastyclinic.ae/
New Age ClinicWebsiteDirections           Saved (0) Saved Save     ,02 447 6772,"Building # 101,Delma Street ,Al Nahyan - Abu Dhabi",http://www.newageclinic.me/
"Kaya Skin Clinic - Al Ain Mall, Kuwaitat Area, UAEWebsiteDirections           Saved (0) Saved Save     ",600 562620,"Shop NO-F109B, 1st Floor, Kuwaitat Area, Mall - Abu Dhabi",http://www.kayaskinclinic.com/uae/en/
CocoonaWebsiteDirections           Saved (0) Saved Save     ,04 388 4589,898 Al Raji Street - Al Wasl Rd - Dubai,http://www.hairtransplantclinicdubai.com/
"Kings Medical Center (Dental, Dermatology, Laser Hair Removal)WebsiteDirections           Saved (0) Saved Save     ",04 255 2020,Business Center - Al Rigga Rd - Deira - Dubai,https://kingsmedicalcenter.ae/
Cocoona Centre - JLT,800 362636,"Dubai, JLT, Red Diamond Building 1-st Floor - Dubai",http://www.cocoona.ae/
Canadian Medical Center for SurgeryWebsiteDirections           Saved (0) Saved Save     ,800 262,"Al wasit street, Al Falaj area, near Al Wasit roundabout - Sharjah",https://www.canadiancmc.com/
Dew Derm Aesthetics & DermatologyWebsiteDirections           Saved (0) Saved Save     ,02 666 1230,Al Falah St - Al Bateen - Abu Dhabi,https://dewderm.com/
Omnicare Medical CenterWebsiteDirections           Saved (0) Saved Save     ,04 338 8990,1112 Al Wasl Rd - Umm SuqeimUmm Suqeim 2 - Dubai,http://omnicaremc.com/
"Bella Medical Centre - Invisalign in Abu Dhabi, Dental & Dermatology Clinic.WebsiteDirections           Saved (0) Saved Save     ",02 666 3676,Villa # 15 Marfa Al Bateen St - Al Bateen - Abu Dhabi,https://bellamedicalcentre.com/
Dental Studio – Al Wasl (formerly British Dental Clinic)WebsiteDirections           Saved (0) Saved Save     ,04 519 3700,Villa 16 - 1194 Al Wasl Rd - Umm SuqeimUmm Suqeim 2 - Dubai,https://www.britishdentalclinic.com/
"Kaya Skin Clinic - Mirdif City Centre, DubaiWebsiteDirections           Saved (0) Saved Save     ",600 562620,"Shop no 349, 1st Level ,Mirdif City Centre - Dubai",https://www.kayaskinclinic.com/uae/en/
Dr. Robabeh AhmadiWebsiteDirections           Saved (0) Saved Save     ,04 362 4247,HDS Business Centre - Cluster M - Jumeirah Lakes Towers - Dubai,https://www.shefapolyclinic.ae/
Adam & Eve Cosmetic Medical CentreWebsiteDirections           Saved (0) Saved Save     ,02 621 9996,"Villa NO: 209, Al Karamah Street, Near - Abu Dhabi",https://aecmc.com/
Dynamic Botox Injections DubaiWebsiteDirections           Saved (0) Saved Save     ,04 584 1177,Damac Executive Heights - 1605 - Dubai,https://www.dynamiclinic.com/cosmetic-injectables/botox-injections/
Skin Institute Dermatology Clinic Abu Dhabi,02 622 6002,Zone 1Ministries Complex - Abu Dhabi,http://www.theskininstitute.ae/
TruCare ClinicsWebsiteDirections           Saved (0) Saved Save     ,04 347 5336,"G floor,Ajyal building,al barsha 1 - Dubai",http://www.trucareclinics.ae/
Silkor Khalifa A Branch Abu Dhabi - Ù…Ø±ÙƒØ² Ø³ÙŠÙ„ÙƒÙˆØ± ÙÙŠ Ø®Ù„ÙŠÙØ© Ø£â€â€,02 557 7700,"Silkor Villa, Etihad Plaza Road, near Etihad Airways Headquarters Khalifa City A - Abu Dhabi",http://www.silkor.com/
BizrahmedWebsiteDirections           Saved (0) Saved Save     ,800 249724,"Second Floor, Al Sarraf Avenue - Sheikh Zayed Rd - Umm Al Sheif - Dubai",https://www.bizrahmed.com/
CosmeSurge - Sheikh Zayed Road,800 26763,Conrad Tower Sheikh Zayed Road - World Trade Centre Metro Footbridge - Trade Centre - Dubai,http://www.cosmesurge.com/
Vilafortuny Medical CentreWebsiteDirections           Saved (0) Saved Save     ,04 394 3618,728b Al Wasl Rd - JumeirahJumeirah 3 - Dubai,https://vilafortuny.com/
Dr. Maher Alahdab,04 346 6149,"Villa 823, Jumeirah Beach Road - Dubai",https://www.medartclinics.com/
Roya Medical CenterWebsiteDirections           Saved (0) Saved Save     ,04 345 5251,1 D92 - JumeirahJumeirah 1 - Dubai,http://royamedicalcenter.com/
Best Female Plastic Surgeon DubaiWebsiteDirections           Saved (0) Saved Save     ,056 545 4067,The Residences at Marina Gate - Dubai Marina - Dubai,https://aesthetics.kingscollegehospitaldubai.com/team/dr-dragana-spica/
"ğ‹ğ®ğ­Ã©ğ­ğ¢ğš ğƒğ®ğ›ğšğ¢ - ğ€ğğ¬ğ­ğ¡ğğ­ğ¢ğœğ¬, ğğ¥ğšğ¬ğ­ğ¢ğœ ğ’ğ®ğ«ğ ğğ«ğ² & ğ‡ğšğ¢ğ« ğ“ğ«ğšğ§ğ¬ğ©ğ¥ğšğ§ğ­ ğ‚ğ¥ğ¢ğ§ğ¢ğœWebsiteDirections           Saved (0) Saved Save     ",04 706 4000,Opposite to VIP Mall Valet Parking - Crescent Dr - Dubai Festival City - Dubai,https://lutetiaclinics.com/
Harley Street Dental CenterWebsiteDirections           Saved (0) Saved Save     ,02 491 6885,"Suite 101 Building C6, Al Bateen Towers, Al Bateen Abu Dhabi, UAE - Abu Dhabi",http://www.hsdc.ae/
Swiss Dental Clinic (Hollywood Smile Veneers and Lumineers in Abu Dhabi)- Swiss Approval - Cosmetic Dentist(Ø§Ø¨ØªØ³Ø§Ù…Ø© Ù‡ÙˆÙ„ÙŠÙˆÙˆØ¯ ÙˆØªØ¨ÙŠÙŠØ¶ Ø§Ù„Ø§Ø³Ù†Ø§Ù† ÙÙŠ Ø§Ø¨ÙˆØ¸Ø¨ÙŠ)WebsiteDirections           Saved (0) Saved Save     ,056 117 0374,Najdah Street H&M building 204 - Abu Dhabi,https://swiss-dental-clinic.business.site/
The DentalSPA Medical & Dental CenterWebsiteDirections           Saved (0) Saved Save     ,04 395 2005,Villa No 491b - Jumeirah St - Dubai,https://www.thedentalspa.org/
CosmeSurge - Aldhait North RAK,800 26763,Sheikh Rashid Bin Saeed Al Maktoum Rd - Al Dhait North - Ras al Khaimah,http://www.cosmesurge.com/
Tabarek Specialized Dental Clinic - SharjahWebsiteDirections           Saved (0) Saved Save     ,06 575 1311,"Al Nud. Zip Code 30686 Sharjah., 103 AL MARSA TOWER, King Faisal Road, Near Nova Park Hotel. - Sharjah",https://tabarek-specialized-clinic.site123.me/
Promise Aesthetic Clinic LLCDirections           Saved (0) Saved Save     ,04 344 4711,park center mirdiff - Dubai,#
Cosmetic Care Medical Center,06 556 9142,"Al Durrah Centre Buheira, Corniche Road",#
Nagem Dental Diet & Laser CenterWebsiteDirections           Saved (0) Saved Save     ,04 399 1115,Al Barsha Business Centre - 17 A St - Al BarshaAl Barsha 1 - Dubai,http://www.nagemclinic.com/
"Kaya Skin Clinic - Mushrif Mall, Abu DhabiWebsiteDirections           Saved (0) Saved Save     ",600 562620,"Shop # 202, 2nd Floor - Mushrif Mall - Airport Road - Abu Dhabi",https://www.kayaskinclinic.com/uae/en/
Dr. Michael's Dental Clinic - Umm Suqeim DubaiWebsiteDirections           Saved (0) Saved Save     ,04 394 9433,Villa 1016 Al Wasl Road، Umm Suqeim 1 - Dubai,https://www.drmichaels.com/?utm_source=google&utm_medium=googlemybusiness&utm_campaign=gmb&utm_content=ummsuqeim
The Dome MedDental ClinicWebsiteDirections           Saved (0) Saved Save     ,04 399 9772,"JLT Metro Station, Cluster N, The Dome Tower, 12th Floor, Office No 1201 - Dubai",https://www.meddental.ae/
"Dubai Sky Clinic, BurjumanWebsiteDirections           Saved (0) Saved Save     ",04 355 8808,"UNIT #2109, Level 21 , Burjuman Business Tower , Burjuman - Dubai",http://www.dubaiskyclinic.com/
SKINIII MEDICAL & AESTHETICS CLINIC DIFCWebsiteDirections           Saved (0) Saved Save     ,04 343 7200,"Dubai DIFC, Unit G02, Building #5, The Gate Village 5, DIFC, Road 312 - Dubai",http://www.skin111.com/
ZO Skin Centre Dubai By Zein Obagi MdWebsiteDirections           Saved (0) Saved Save     ,04 380 9517,"Villa # 585,Jumeirah Road,Jumeirah 3 - Dubai",http://www.zoskincentre.ae/
Clinic for Cosmetic Dentistry,04 429 8400,"Building No.64, Block A, 2nd Floor 2002, Street 20, P.O.Box: 505043, Dubai",http://www.dhcc.ae/Portal/en/clinics/clinic-for-cosmetic-dentistry.aspx
"Kaya Skin Clinic - Mazyad Mall Branch, Abu DhabiWebsiteDirections           Saved (0) Saved Save     ",600 562620,"Shop No.S-16, Level 1, Mazyad Mall - Abu Dhabi",https://www.kayaskinclinic.com/uae/en/
Cocoona Centre - Mirdif,04 327 7771,Mirdif 35 Community Center - Dubai,http://www.cocoona.ae/
Dr. Maen Al Khateeb âšœï¸FLORENTIA CLINIC âšœï¸Directions           Saved (0) Saved Save     ,04 342 2000,471 Jumeirah St - JumeirahJumeirah 3 - Dubai,#
"Smile Dental Clinic, Mirdif, Dubai, UAEWebsiteDirections           Saved (0) Saved Save     ",04 226 9474,Central Building - 15th St - Mirdif - Dubai,http://www.smiledentaldxb.com/
Dr. Joy Dental Clinic Jumeirah DubaiWebsiteDirections           Saved (0) Saved Save     ,04 328 5332,"Villa No. 1021, Al Wasl Road, Umm Suqeim 2, Jumeirah - Dubai",https://www.drjoydentalclinic.com/
ğ——ğ—¿ ğ— ğ—®ğ—¿ğ—¶ğ—® ğ—ğ—®ğ—¿ğ—®ğ—¸ğ—¼ğ˜‚ğ—¹ğ—®ğ—¸ğ—¶ - ğ—–ğ—¼ğ˜€ğ—ºğ—²ğ˜ğ—¶ğ—° ğ—šğ˜†ğ—»ğ—²ğ—°ğ—¼ğ—¹ğ—¼ğ—´ğ˜† | ğ—Ÿğ—®ğ—¯ğ—¶ğ—®ğ—½ğ—¹ğ—®ğ˜€ğ˜ğ˜† | ğ—§ğ—¶ğ—´ğ—µğ˜ğ—²ğ—»ğ—¶ğ—»ğ—´WebsiteDirections           Saved (0) Saved Save     ,056 411 4521,The Residences at Marina Gate 1 - Dubai,https://cosmeticgynecology.ae/
"Mole Removal AED 250, Genital Warts & Skin Tags Removal Dubai Cosmocare Medical CentreWebsiteDirections           Saved (0) Saved Save     ",056 849 1870,2nd Floor Al Satwa Building - 2nd December St - Dubai,http://removalmoles.com/
Dr. Ali Al Tukmatchy - Dermatology & Venereology ClinicDirections           Saved (0) Saved Save     ,04 295 2121,"Mazaya Centre Entrance C, 3rd Floor, Office 3005, Sheikh Zayed Road - Dubai",#
Silkorâ€ Mirdif Branch - Ù…Ø±ÙƒØ² Ø³ÙŠÙ„ÙƒÙˆØ± Ù…Ø±Ø¯Ù,04 251 4060,"ground floor, Uptown Mirdif Mall - Algeria St - Dubai",http://www.silkor.com/
Dr. Georges Ziade - Facial Plastic SurgeonWebsiteDirections           Saved (0) Saved Save     ,04 339 7060,"The Dubai Mall, Lower Ground - Obagi MediSpa - Financial Center Rd - Dubai",https://www.georgesziade.com/
Dr. Luiz ToledoDirections           Saved (0) Saved Save     ,04 342 7723,Al Wasl Rd - Jumeirah 3 - Dubai,#
Dynamic Hair Transplant DubaiWebsiteDirections           Saved (0) Saved Save     ,04 584 1177,"1605, Damac Executive Heights - Dubai",https://www.dynamiclinic.com/hair-transplant/
Masters Dental and Aesthetic Center,02 444 8433,Zone 1Ministries Complex - Abu Dhabi,http://www.mastersdental.ae/
Hair Transplant Dubai ClinicWebsiteDirections           Saved (0) Saved Save     ,052 907 7746,Villa 611 - Jumeirah St - Umm SuqeimUmm Suqeim 1 - Dubai,https://www.hairtransplantdubai.com/
Obagi MediSpaWebsiteDirections           Saved (0) Saved Save     ,04 339 7060,Obagi Medispa The Dubai Mall LG Floor - Financial Center Rd - Dubai,http://www.obagimedispa.ae/
Glamour Care ClinicsWebsiteDirections           Saved (0) Saved Save     ,04 332 2224,Villa 813 - Dubai,http://www.glamourcareclinics.com/
Aesthetics By king's College Hospital Dubai,04 581 3222,"The Residences at Marina Gate Floor 1, Dubai",https://aesthetics.kingscollegehospitaldubai.com/
Skin and Teeth Medical CenterWebsiteDirections           Saved (0) Saved Save     ,06 744 4560,Flamingo Villas - Villa 36 & Villa 37 - Al Ittihad St - الزورا - Ajman,https://skinandteeth.ae/
Adam & Eve Specialized Medical Center Abu DhabiWebsiteDirections           Saved (0) Saved Save     ,02 676 7366,"1st Floor, Pink Building #501, Near Royal Rose Hotel, Zayed The First Street - E-10 - Abu Dhabi",https://aesmc.com/
Queens Medical CenterWebsiteDirections           Saved (0) Saved Save     ,04 353 3101,48 Al Diyafah Street - Al Bada'a - Dubai,https://www.queensmedicalcenter.ae/
Emirates Royal Orthodontic & Cosmetic Dentistry Center,02 666 4544,Al Markaziyah WestW2 - Abu Dhabi,https://royaldental.ae/
American Dental ClinicWebsiteDirections           Saved (0) Saved Save     ,04 344 0668,54 Jumeirah Beach Road - JumeirahFlamingo Villas - Dubai,http://www.americandentalclinic.com/
"Dr. Mahaveer Mehta Dermatologist Dubai, Hyperpigmentation, Pico Laser, Acne, Scars, PRP, warts , Skin Tags, Open pores, Dark Circle, Moles, Tattoo Removal, Rosacea, Psoriasis, Vitiligo, Eczema , Hair, Spider veins, STD, Wrinkles, PPP, FillersWebsiteDirections           Saved (0) Saved Save     ",04 228 2444,"641-B, Al Ghurair Center - Al Rigga Rd - Dubai",http://www.skinlaserdubai.com/
Ø§Ù„Ù…Ø±ÙƒØ² Ø§Ù„ÙØ±Ù†Ø³ÙŠ Ù„Ø·Ø¨ Ø§Ù„Ø£Ø³Ù†Ø§Ù† Ùˆ Ø§Ù„ØªØ¬Ù…ÙŠÙ„ Ø§Ù„ÙƒØ±Ø§Ù…Ø© - French Dental & Aesthetic Center L.L.C â€“ Al Karamah Branch (Main Branch)Directions           Saved (0) Saved Save     ,02 446 2333,"Al Karamah, Mohamed Bin Khalifa Street opposite Al Mushrif Palace (1,64 km) 002 - Abu Dhabi",#
HealthBay Al Wasl,04 348 7140,977 Al Wasl Rd - Al Manara - Dubai,http://www.healthbayclinic.com/
Dubai Cosmetic Injectables,04 348 5575,927 Al Wasl Rd - Al Manara - D92,https://www.dubaicosmeticsurgery.com/laser-treatments/post-surgical-scars/
Brazilian Butt Lift in dubai,054 411 6219,JumeirahJumeirah 2 - Dubai,https://www.euromedclinicdubai.com/plastic-surgery-dubai/brazilian-butt-lift/
DR MISKIS DENTAL AESTHETIC CENTRE DMCCWebsiteDirections           Saved (0) Saved Save     ,04 442 5437,"Jumeirah Lakes Towers, Cluster M, HDS Business Centre, Office 1401 - Dubai",http://www.drmiski.com/
Orchid Medical CenterWebsiteDirections           Saved (0) Saved Save     ,06 555 8337,Palace Tower - AL Khan Corniche St - Al Khan - Sharjah,https://www.orchidmc.ae/
"مركز ارت الطبي/ART MEDICAL CENTER(Hollywood smile,Orthodontics,Crown and Bridges,Teeth whitening,Filling and Root canal treatment and more dental servicesDirections           Saved (0) Saved Save     ",06 526 6885,"برج الأمارات الطابق اش سي - HC Floor, Emirates Tower، - New Al Taawun Rd - Sharjah",#
Serenity Cosmetics and Personal Care & Medical CenterWebsiteDirections           Saved (0) Saved Save     ,052 126 6664,Princess Tower - Ground floor - King Salman Bin Abdulaziz Al Saud St - Dubai,http://www.serenitygroups.ae/
Minal Medical Centre LLCWebsiteDirections           Saved (0) Saved Save     ,04 342 0913,"Villa No V025, Near Emirates NBD Jumeirah Beach Road - Jumeirah 1 - Dubai",http://www.drminal.com/
Dynamic PRP Therapy Clinic DubaiWebsiteDirections           Saved (0) Saved Save     ,04 584 1177,Damac Executive Heights - 1605 - Dubai,https://www.dynamiclinic.com/hair-transplant/prp-hair-loss-treatment/
PRO DERMA AESTHETIC CENTRE L.L.C,04 338 6683,Al Safa 1 - Dubai,http://www.proderma-clinic.com/
"Kaya Skin Clinic - Khozam Branch, Ras Al KhaimahWebsiteDirections           Saved (0) Saved Save     ",07 236 3708,"Villa 13A, Street No. 12A Behind Khaled Hurriyah Restaurant - Ras al Khaimah",https://www.kayaskinclinic.com/uae/en/
